time,profit,report,mmLots,SL1,PT1,SL2,PT2,TSA
2021-01-18 09:00:00,548.79,Report1,30.0,2.0,2.0,2.4,1.5,1.4
2021-03-12 17:15:40,-623.35,Report1,30.0,2.0,2.0,2.4,1.5,1.4
2021-03-23 05:15:00,705.86,Report1,30.0,2.0,2.0,2.4,1.5,1.4
2021-04-21 05:00:00,502.48,Report1,30.0,2.0,2.0,2.4,1.5,1.4
2021-05-31 06:00:40,442.46,Report1,30.0,2.0,2.0,2.4,1.5,1.4
2021-06-03 09:00:59,392.82,Report1,30.0,2.0,2.0,2.4,1.5,1.4
2021-06-29 09:00:59,319.93,Report1,30.0,2.0,2.0,2.4,1.5,1.4
2021-07-23 17:00:20,460.26,Report1,30.0,2.0,2.0,2.4,1.5,1.4
2021-08-12 16:00:40,457.54,Report1,30.0,2.0,2.0,2.4,1.5,1.4
2021-09-09 05:00:40,456.86,Report1,30.0,2.0,2.0,2.4,1.5,1.4
2021-09-27 04:29:40,-1125.95,Report1,30.0,2.0,2.0,2.4,1.5,1.4
2021-10-26 19:45:40,409.83,Report1,30.0,2.0,2.0,2.4,1.5,1.4
2021-11-03 04:29:40,-250.02,Report1,30.0,2.0,2.0,2.4,1.5,1.4
2021-12-06 16:17:20,-275.42,Report1,30.0,2.0,2.0,2.4,1.5,1.4
2021-12-13 16:46:40,470.88,Report1,30.0,2.0,2.0,2.4,1.5,1.4
2021-12-17 17:36:40,-174.13,Report1,30.0,2.0,2.0,2.4,1.5,1.4
2021-12-29 16:15:40,-87.89,Report1,30.0,2.0,2.0,2.4,1.5,1.4
2022-01-05 04:20:20,369.27,Report1,30.0,2.0,2.0,2.4,1.5,1.4
2022-01-11 17:27:40,695.52,Report1,30.0,2.0,2.0,2.4,1.5,1.4
2022-03-11 08:05:00,-502.37,Report1,30.0,2.0,2.0,2.4,1.5,1.4
2022-04-01 04:20:40,574.31,Report1,30.0,2.0,2.0,2.4,1.5,1.4
2022-04-07 04:37:40,-1087.37,Report1,30.0,2.0,2.0,2.4,1.5,1.4
2022-04-19 18:50:40,-260.85,Report1,30.0,2.0,2.0,2.4,1.5,1.4
2022-05-05 16:45:40,611.85,Report1,30.0,2.0,2.0,2.4,1.5,1.4
2022-06-01 21:15:20,-267.88,Report1,30.0,2.0,2.0,2.4,1.5,1.4
2022-06-09 15:05:40,-779.98,Report1,30.0,2.0,2.0,2.4,1.5,1.4
2022-06-10 04:22:40,739.71,Report1,30.0,2.0,2.0,2.4,1.5,1.4
2022-06-16 19:29:40,-98.38,Report1,30.0,2.0,2.0,2.4,1.5,1.4
2022-06-28 20:07:40,-716.66,Report1,30.0,2.0,2.0,2.4,1.5,1.4
2022-06-29 09:50:40,562.84,Report1,30.0,2.0,2.0,2.4,1.5,1.4
2022-07-05 16:09:40,601.45,Report1,30.0,2.0,2.0,2.4,1.5,1.4
2022-07-28 17:11:40,482.02,Report1,30.0,2.0,2.0,2.4,1.5,1.4
2022-09-01 20:20:40,-53.25,Report1,30.0,2.0,2.0,2.4,1.5,1.4
2022-09-29 09:19:40,543.35,Report1,30.0,2.0,2.0,2.4,1.5,1.4
2022-10-07 15:41:40,416.07,Report1,30.0,2.0,2.0,2.4,1.5,1.4
2022-10-28 08:30:20,538.98,Report1,30.0,2.0,2.0,2.4,1.5,1.4
2022-12-12 21:26:40,-22.07,Report1,30.0,2.0,2.0,2.4,1.5,1.4
2022-12-28 04:20:20,703.64,Report1,30.0,2.0,2.0,2.4,1.5,1.4
2023-01-11 04:29:40,661.57,Report1,30.0,2.0,2.0,2.4,1.5,1.4
2023-01-17 10:08:40,-298.49,Report1,30.0,2.0,2.0,2.4,1.5,1.4
2023-01-20 04:27:40,596.04,Report1,30.0,2.0,2.0,2.4,1.5,1.4
2023-02-03 04:20:00,570.94,Report1,30.0,2.0,2.0,2.4,1.5,1.4
2023-02-09 04:20:00,-812.7,Report1,30.0,2.0,2.0,2.4,1.5,1.4
2023-02-13 04:28:40,483.86,Report1,30.0,2.0,2.0,2.4,1.5,1.4
2023-02-21 11:15:40,-95.89,Report1,30.0,2.0,2.0,2.4,1.5,1.4
2023-03-07 17:04:20,545.54,Report1,30.0,2.0,2.0,2.4,1.5,1.4
2023-03-27 06:36:40,-378.21,Report1,30.0,2.0,2.0,2.4,1.5,1.4
2023-04-12 18:08:40,408.49,Report1,30.0,2.0,2.0,2.4,1.5,1.4
2023-05-12 18:40:40,429.05,Report1,30.0,2.0,2.0,2.4,1.5,1.4
2023-05-17 10:26:40,384.1,Report1,30.0,2.0,2.0,2.4,1.5,1.4
2023-06-06 05:11:40,514.01,Report1,30.0,2.0,2.0,2.4,1.5,1.4
2023-07-05 15:11:40,313.25,Report1,30.0,2.0,2.0,2.4,1.5,1.4
2023-08-02 04:40:20,-113.31,Report1,30.0,2.0,2.0,2.4,1.5,1.4
2023-08-11 12:51:40,480.09,Report1,30.0,2.0,2.0,2.4,1.5,1.4
2023-09-21 15:19:40,304.39,Report1,30.0,2.0,2.0,2.4,1.5,1.4
2023-10-10 04:20:40,495.44,Report1,30.0,2.0,2.0,2.4,1.5,1.4
2023-10-19 04:20:00,339.33,Report1,30.0,2.0,2.0,2.4,1.5,1.4
2023-10-31 18:40:40,388.81,Report1,30.0,2.0,2.0,2.4,1.5,1.4
2023-12-20 21:52:40,291.26,Report1,30.0,2.0,2.0,2.4,1.5,1.4
2023-12-22 16:40:40,-809.27,Report1,30.0,2.0,2.0,2.4,1.5,1.4
2024-01-02 04:20:00,-366.4,Report1,30.0,2.0,2.0,2.4,1.5,1.4
2024-01-16 04:20:00,-114.28,Report1,30.0,2.0,2.0,2.4,1.5,1.4
2024-01-29 20:01:40,419.03,Report1,30.0,2.0,2.0,2.4,1.5,1.4
2024-02-02 17:05:40,455.24,Report1,30.0,2.0,2.0,2.4,1.5,1.4
2024-03-27 10:21:40,350.1,Report1,30.0,2.0,2.0,2.4,1.5,1.4
2024-04-05 05:02:40,-471.39,Report1,30.0,2.0,2.0,2.4,1.5,1.4
2024-05-02 04:20:00,-541.73,Report1,30.0,2.0,2.0,2.4,1.5,1.4
2024-05-21 05:10:20,327.02,Report1,30.0,2.0,2.0,2.4,1.5,1.4
2024-06-27 04:35:40,300.71,Report1,30.0,2.0,2.0,2.4,1.5,1.4
2024-07-05 15:29:40,274.44,Report1,30.0,2.0,2.0,2.4,1.5,1.4
2024-07-16 04:57:40,317.21,Report1,30.0,2.0,2.0,2.4,1.5,1.4
2024-07-19 04:36:20,357.44,Report1,30.0,2.0,2.0,2.4,1.5,1.4
2024-08-06 16:32:40,-217.79,Report1,30.0,2.0,2.0,2.4,1.5,1.4
2024-08-14 19:30:40,291.07,Report1,30.0,2.0,2.0,2.4,1.5,1.4
2024-10-08 10:50:20,1798.61,Report1,30.0,2.0,2.0,2.4,1.5,1.4
2024-10-15 08:26:40,863.12,Report1,30.0,2.0,2.0,2.4,1.5,1.4
2024-10-29 04:33:20,587.42,Report1,30.0,2.0,2.0,2.4,1.5,1.4
2024-11-06 16:33:40,628.99,Report1,30.0,2.0,2.0,2.4,1.5,1.4
2024-11-11 05:14:40,157.04,Report1,30.0,2.0,2.0,2.4,1.5,1.4
2024-11-18 08:05:00,-626.21,Report1,30.0,2.0,2.0,2.4,1.5,1.4
2024-11-26 17:10:40,-616.37,Report1,30.0,2.0,2.0,2.4,1.5,1.4
2024-11-27 08:31:40,588.53,Report1,30.0,2.0,2.0,2.4,1.5,1.4
2024-12-04 04:37:20,606.28,Report1,30.0,2.0,2.0,2.4,1.5,1.4
2024-12-13 09:42:20,622.28,Report1,30.0,2.0,2.0,2.4,1.5,1.4
2025-01-02 04:20:20,362.76,Report1,30.0,2.0,2.0,2.4,1.5,1.4
2025-03-10 18:37:40,-132.66,Report1,30.0,2.0,2.0,2.4,1.5,1.4
2025-03-20 16:30:40,741.53,Report1,30.0,2.0,2.0,2.4,1.5,1.4
2025-03-31 04:37:40,662.65,Report1,30.0,2.0,2.0,2.4,1.5,1.4
2025-04-30 05:39:40,-404.08,Report1,30.0,2.0,2.0,2.4,1.5,1.4
2025-04-30 16:52:40,-690.83,Report1,30.0,2.0,2.0,2.4,1.5,1.4
2025-05-30 19:32:40,459.6,Report1,30.0,2.0,2.0,2.4,1.5,1.4
2025-06-18 05:14:40,397.07,Report1,30.0,2.0,2.0,2.4,1.5,1.4
2025-07-30 09:03:40,452.48,Report1,30.0,2.0,2.0,2.4,1.5,1.4
2025-08-07 06:48:40,526.37,Report1,30.0,2.0,2.0,2.4,1.5,1.4
2025-08-12 04:30:40,-274.94,Report1,30.0,2.0,2.0,2.4,1.5,1.4
2025-08-27 09:30:20,495.25,Report1,30.0,2.0,2.0,2.4,1.5,1.4
2025-09-26 16:47:40,-315.63,Report1,30.0,2.0,2.0,2.4,1.5,1.4
2025-10-17 14:11:40,-203.05,Report1,30.0,2.0,2.0,2.4,1.5,1.4
2025-10-30 16:54:40,-140.8,Report1,30.0,2.0,2.0,2.4,1.5,1.4
2025-12-16 04:20:20,450.28,Report1,30.0,2.0,2.0,2.4,1.5,1.4
2025-12-30 04:20:00,-215.69,Report1,30.0,2.0,2.0,2.4,1.5,1.4
2026-01-08 04:20:00,443.83,Report1,30.0,2.0,2.0,2.4,1.5,1.4
2026-02-26 16:34:40,-49.93,Report1,30.0,2.0,2.0,2.4,1.5,1.4
2026-03-02 04:20:20,575.71,Report1,30.0,2.0,2.0,2.4,1.5,1.4
2026-03-19 04:39:40,-311.95,Report1,30.0,2.0,2.0,2.4,1.5,1.4
2021-01-18 09:00:00,960.45,Report10,70.0,2.0,1.5,2.4,1.5,1.4
2021-03-12 17:15:40,-1454.52,Report10,70.0,2.0,1.5,2.4,1.5,1.4
2021-03-23 05:15:00,1646.98,Report10,70.0,2.0,1.5,2.4,1.5,1.4
2021-04-21 05:00:00,1172.46,Report10,70.0,2.0,1.5,2.4,1.5,1.4
2021-05-31 06:00:40,1032.38,Report10,70.0,2.0,1.5,2.4,1.5,1.4
2021-06-03 09:00:59,916.56,Report10,70.0,2.0,1.5,2.4,1.5,1.4
2021-06-29 09:00:59,746.52,Report10,70.0,2.0,1.5,2.4,1.5,1.4
2021-07-23 17:00:20,1073.91,Report10,70.0,2.0,1.5,2.4,1.5,1.4
2021-08-12 16:00:40,1067.58,Report10,70.0,2.0,1.5,2.4,1.5,1.4
2021-09-09 05:00:40,1066.02,Report10,70.0,2.0,1.5,2.4,1.5,1.4
2021-09-27 04:29:40,-2627.23,Report10,70.0,2.0,1.5,2.4,1.5,1.4
2021-10-26 19:45:40,956.25,Report10,70.0,2.0,1.5,2.4,1.5,1.4
2021-11-03 04:29:40,-583.36,Report10,70.0,2.0,1.5,2.4,1.5,1.4
2021-12-06 16:17:20,-642.65,Report10,70.0,2.0,1.5,2.4,1.5,1.4
2021-12-13 16:46:40,1098.72,Report10,70.0,2.0,1.5,2.4,1.5,1.4
2021-12-17 17:36:40,-406.3,Report10,70.0,2.0,1.5,2.4,1.5,1.4
2021-12-29 16:15:40,-205.06,Report10,70.0,2.0,1.5,2.4,1.5,1.4
2022-01-05 04:20:20,861.64,Report10,70.0,2.0,1.5,2.4,1.5,1.4
2022-01-11 17:00:40,1217.16,Report10,70.0,2.0,1.5,2.4,1.5,1.4
2022-03-11 08:05:00,-1172.2,Report10,70.0,2.0,1.5,2.4,1.5,1.4
2022-04-01 04:20:40,1340.05,Report10,70.0,2.0,1.5,2.4,1.5,1.4
2022-04-07 04:37:40,-2537.2,Report10,70.0,2.0,1.5,2.4,1.5,1.4
2022-04-19 18:50:40,-608.66,Report10,70.0,2.0,1.5,2.4,1.5,1.4
2022-05-05 16:45:40,1427.66,Report10,70.0,2.0,1.5,2.4,1.5,1.4
2022-06-01 21:15:20,-625.05,Report10,70.0,2.0,1.5,2.4,1.5,1.4
2022-06-09 15:05:40,-1819.96,Report10,70.0,2.0,1.5,2.4,1.5,1.4
2022-06-10 04:22:40,1726.0,Report10,70.0,2.0,1.5,2.4,1.5,1.4
2022-06-16 19:29:40,-229.55,Report10,70.0,2.0,1.5,2.4,1.5,1.4
2022-06-28 14:00:20,1254.23,Report10,70.0,2.0,1.5,2.4,1.5,1.4
2022-06-29 09:50:40,1313.29,Report10,70.0,2.0,1.5,2.4,1.5,1.4
2022-07-05 16:09:40,1403.38,Report10,70.0,2.0,1.5,2.4,1.5,1.4
2022-07-28 17:11:40,1124.71,Report10,70.0,2.0,1.5,2.4,1.5,1.4
2022-09-01 20:20:40,-124.25,Report10,70.0,2.0,1.5,2.4,1.5,1.4
2022-09-29 09:19:40,1267.82,Report10,70.0,2.0,1.5,2.4,1.5,1.4
2022-10-07 15:41:40,970.82,Report10,70.0,2.0,1.5,2.4,1.5,1.4
2022-10-28 08:30:20,1257.62,Report10,70.0,2.0,1.5,2.4,1.5,1.4
2022-12-12 21:26:40,-51.5,Report10,70.0,2.0,1.5,2.4,1.5,1.4
2022-12-28 04:20:20,1231.33,Report10,70.0,2.0,1.5,2.4,1.5,1.4
2023-01-11 04:23:40,1157.7,Report10,70.0,2.0,1.5,2.4,1.5,1.4
2023-01-17 10:08:40,-696.47,Report10,70.0,2.0,1.5,2.4,1.5,1.4
2023-01-20 04:21:40,1043.12,Report10,70.0,2.0,1.5,2.4,1.5,1.4
2023-02-03 04:20:00,1332.19,Report10,70.0,2.0,1.5,2.4,1.5,1.4
2023-02-09 04:20:00,-1896.3,Report10,70.0,2.0,1.5,2.4,1.5,1.4
2023-02-13 04:28:40,1129.01,Report10,70.0,2.0,1.5,2.4,1.5,1.4
2023-02-21 11:15:40,-223.75,Report10,70.0,2.0,1.5,2.4,1.5,1.4
2023-03-07 17:04:20,1272.93,Report10,70.0,2.0,1.5,2.4,1.5,1.4
2023-03-27 06:36:40,-882.48,Report10,70.0,2.0,1.5,2.4,1.5,1.4
2023-04-12 18:08:40,953.15,Report10,70.0,2.0,1.5,2.4,1.5,1.4
2023-05-12 18:40:40,1001.11,Report10,70.0,2.0,1.5,2.4,1.5,1.4
2023-05-17 10:26:40,896.23,Report10,70.0,2.0,1.5,2.4,1.5,1.4
2023-06-06 05:10:40,899.54,Report10,70.0,2.0,1.5,2.4,1.5,1.4
2023-07-05 15:11:40,730.93,Report10,70.0,2.0,1.5,2.4,1.5,1.4
2023-08-02 04:40:20,-264.39,Report10,70.0,2.0,1.5,2.4,1.5,1.4
2023-08-11 12:51:40,1120.21,Report10,70.0,2.0,1.5,2.4,1.5,1.4
2023-09-21 17:00:40,56.75,Report10,70.0,2.0,1.5,2.4,1.5,1.4
2023-10-10 05:00:20,867.24,Report10,70.0,2.0,1.5,2.4,1.5,1.4
2023-10-19 05:00:00,791.66,Report10,70.0,2.0,1.5,2.4,1.5,1.4
2023-12-20 21:52:40,679.7,Report10,70.0,2.0,1.5,2.4,1.5,1.4
2023-12-22 16:40:40,-1888.31,Report10,70.0,2.0,1.5,2.4,1.5,1.4
2024-01-02 04:20:00,-854.94,Report10,70.0,2.0,1.5,2.4,1.5,1.4
2024-01-16 04:20:00,-271.13,Report10,70.0,2.0,1.5,2.4,1.5,1.4
2024-01-29 20:01:40,977.56,Report10,70.0,2.0,1.5,2.4,1.5,1.4
2024-02-02 17:05:40,1062.23,Report10,70.0,2.0,1.5,2.4,1.5,1.4
2024-03-27 10:21:40,816.9,Report10,70.0,2.0,1.5,2.4,1.5,1.4
2024-04-05 05:02:40,-1099.9,Report10,70.0,2.0,1.5,2.4,1.5,1.4
2024-05-02 04:20:00,-1264.04,Report10,70.0,2.0,1.5,2.4,1.5,1.4
2024-05-21 05:10:20,763.04,Report10,70.0,2.0,1.5,2.4,1.5,1.4
2024-06-27 04:35:40,701.66,Report10,70.0,2.0,1.5,2.4,1.5,1.4
2024-07-05 15:29:40,640.36,Report10,70.0,2.0,1.5,2.4,1.5,1.4
2024-07-16 04:57:40,740.16,Report10,70.0,2.0,1.5,2.4,1.5,1.4
2024-07-19 04:36:20,834.02,Report10,70.0,2.0,1.5,2.4,1.5,1.4
2024-08-06 16:32:40,-508.26,Report10,70.0,2.0,1.5,2.4,1.5,1.4
2024-08-14 19:30:40,679.17,Report10,70.0,2.0,1.5,2.4,1.5,1.4
2024-10-08 10:50:20,4196.75,Report10,70.0,2.0,1.5,2.4,1.5,1.4
2024-10-15 08:26:40,2013.94,Report10,70.0,2.0,1.5,2.4,1.5,1.4
2024-10-29 04:30:40,1027.92,Report10,70.0,2.0,1.5,2.4,1.5,1.4
2024-11-06 16:33:40,1467.65,Report10,70.0,2.0,1.5,2.4,1.5,1.4
2024-11-11 05:14:40,366.44,Report10,70.0,2.0,1.5,2.4,1.5,1.4
2024-11-18 08:05:00,-1461.15,Report10,70.0,2.0,1.5,2.4,1.5,1.4
2024-11-26 17:10:40,-1438.19,Report10,70.0,2.0,1.5,2.4,1.5,1.4
2024-11-27 08:24:40,1030.28,Report10,70.0,2.0,1.5,2.4,1.5,1.4
2024-12-04 04:36:40,1061.03,Report10,70.0,2.0,1.5,2.4,1.5,1.4
2024-12-13 09:42:20,1451.98,Report10,70.0,2.0,1.5,2.4,1.5,1.4
2025-01-02 04:20:20,846.43,Report10,70.0,2.0,1.5,2.4,1.5,1.4
2025-03-10 18:37:40,-309.55,Report10,70.0,2.0,1.5,2.4,1.5,1.4
2025-03-20 16:30:40,1730.23,Report10,70.0,2.0,1.5,2.4,1.5,1.4
2025-03-31 04:37:40,1546.63,Report10,70.0,2.0,1.5,2.4,1.5,1.4
2025-04-30 05:39:40,-942.94,Report10,70.0,2.0,1.5,2.4,1.5,1.4
2025-04-30 16:52:40,-1611.94,Report10,70.0,2.0,1.5,2.4,1.5,1.4
2025-05-30 19:32:40,1072.41,Report10,70.0,2.0,1.5,2.4,1.5,1.4
2025-06-18 05:14:40,926.41,Report10,70.0,2.0,1.5,2.4,1.5,1.4
2025-07-30 09:03:40,1055.8,Report10,70.0,2.0,1.5,2.4,1.5,1.4
2025-08-07 04:31:20,921.02,Report10,70.0,2.0,1.5,2.4,1.5,1.4
2025-08-12 04:30:40,-641.35,Report10,70.0,2.0,1.5,2.4,1.5,1.4
2025-08-27 09:30:20,1155.58,Report10,70.0,2.0,1.5,2.4,1.5,1.4
2025-09-26 16:47:40,-736.47,Report10,70.0,2.0,1.5,2.4,1.5,1.4
2025-10-17 14:11:40,-473.69,Report10,70.0,2.0,1.5,2.4,1.5,1.4
2025-10-30 16:54:40,-328.43,Report10,70.0,2.0,1.5,2.4,1.5,1.4
2025-12-16 04:20:20,1050.75,Report10,70.0,2.0,1.5,2.4,1.5,1.4
2025-12-30 04:20:00,-503.63,Report10,70.0,2.0,1.5,2.4,1.5,1.4
2026-01-08 04:20:00,1035.61,Report10,70.0,2.0,1.5,2.4,1.5,1.4
2026-02-26 16:34:40,-116.5,Report10,70.0,2.0,1.5,2.4,1.5,1.4
2026-03-02 04:20:20,1343.32,Report10,70.0,2.0,1.5,2.4,1.5,1.4
2021-01-18 09:00:00,1317.12,Report2,120.0,1.5,1.2,1.5,1.5,1.4
2021-03-12 17:15:40,-2493.4,Report2,120.0,1.5,1.2,1.5,1.5,1.4
2021-03-19 17:15:40,-2864.74,Report2,120.0,1.5,1.2,1.5,1.5,1.4
2021-04-21 05:00:00,2009.93,Report2,120.0,1.5,1.2,1.5,1.5,1.4
2021-05-31 06:00:40,1769.83,Report2,120.0,1.5,1.2,1.5,1.5,1.4
2021-06-03 09:00:59,1571.27,Report2,120.0,1.5,1.2,1.5,1.5,1.4
2021-06-29 09:00:59,1279.72,Report2,120.0,1.5,1.2,1.5,1.5,1.4
2021-07-23 17:00:20,1841.03,Report2,120.0,1.5,1.2,1.5,1.5,1.4
2021-08-12 16:00:40,1830.17,Report2,120.0,1.5,1.2,1.5,1.5,1.4
2021-09-09 05:00:40,1827.43,Report2,120.0,1.5,1.2,1.5,1.5,1.4
2021-09-27 04:20:40,-2814.77,Report2,120.0,1.5,1.2,1.5,1.5,1.4
2021-10-26 19:45:40,1639.32,Report2,120.0,1.5,1.2,1.5,1.5,1.4
2021-11-03 04:29:40,-1000.1,Report2,120.0,1.5,1.2,1.5,1.5,1.4
2021-12-06 04:20:00,-2934.14,Report2,120.0,1.5,1.2,1.5,1.5,1.4
2021-12-13 16:46:40,1883.52,Report2,120.0,1.5,1.2,1.5,1.5,1.4
2021-12-17 17:36:40,-696.53,Report2,120.0,1.5,1.2,1.5,1.5,1.4
2021-12-29 16:15:40,-351.55,Report2,120.0,1.5,1.2,1.5,1.5,1.4
2022-01-05 04:20:20,1477.09,Report2,120.0,1.5,1.2,1.5,1.5,1.4
2022-01-11 05:32:20,1669.2,Report2,120.0,1.5,1.2,1.5,1.5,1.4
2022-03-11 08:05:00,-2009.49,Report2,120.0,1.5,1.2,1.5,1.5,1.4
2022-04-01 04:20:40,2297.24,Report2,120.0,1.5,1.2,1.5,1.5,1.4
2022-04-06 21:35:20,-2718.15,Report2,120.0,1.5,1.2,1.5,1.5,1.4
2022-04-19 18:50:40,-1043.41,Report2,120.0,1.5,1.2,1.5,1.5,1.4
2022-05-05 16:45:40,2447.42,Report2,120.0,1.5,1.2,1.5,1.5,1.4
2022-06-01 21:15:20,-1071.52,Report2,120.0,1.5,1.2,1.5,1.5,1.4
2022-06-09 13:42:40,-2340.01,Report2,120.0,1.5,1.2,1.5,1.5,1.4
2022-06-10 04:22:40,2958.86,Report2,120.0,1.5,1.2,1.5,1.5,1.4
2022-06-16 19:29:40,-393.51,Report2,120.0,1.5,1.2,1.5,1.5,1.4
2022-06-28 13:56:40,1720.21,Report2,120.0,1.5,1.2,1.5,1.5,1.4
2022-06-29 09:50:40,2251.36,Report2,120.0,1.5,1.2,1.5,1.5,1.4
2022-07-05 16:09:40,2405.79,Report2,120.0,1.5,1.2,1.5,1.5,1.4
2022-07-28 16:31:40,-2000.7,Report2,120.0,1.5,1.2,1.5,1.5,1.4
2022-09-01 20:20:40,-213.0,Report2,120.0,1.5,1.2,1.5,1.5,1.4
2022-09-29 09:19:40,2173.41,Report2,120.0,1.5,1.2,1.5,1.5,1.4
2022-10-07 15:41:40,1664.27,Report2,120.0,1.5,1.2,1.5,1.5,1.4
2022-10-28 08:30:20,2155.91,Report2,120.0,1.5,1.2,1.5,1.5,1.4
2022-12-12 21:26:40,-88.28,Report2,120.0,1.5,1.2,1.5,1.5,1.4
2022-12-28 04:20:20,1688.68,Report2,120.0,1.5,1.2,1.5,1.5,1.4
2023-01-11 04:21:40,1587.67,Report2,120.0,1.5,1.2,1.5,1.5,1.4
2023-01-17 10:08:40,-1193.94,Report2,120.0,1.5,1.2,1.5,1.5,1.4
2023-01-19 20:36:40,1430.89,Report2,120.0,1.5,1.2,1.5,1.5,1.4
2023-02-03 04:20:00,2283.75,Report2,120.0,1.5,1.2,1.5,1.5,1.4
2023-02-09 04:20:00,-2031.78,Report2,120.0,1.5,1.2,1.5,1.5,1.4
2023-02-13 04:28:40,1935.45,Report2,120.0,1.5,1.2,1.5,1.5,1.4
2023-02-21 11:15:40,-383.57,Report2,120.0,1.5,1.2,1.5,1.5,1.4
2023-03-07 17:04:20,2182.16,Report2,120.0,1.5,1.2,1.5,1.5,1.4
2023-03-27 06:36:40,-1512.83,Report2,120.0,1.5,1.2,1.5,1.5,1.4
2023-04-12 18:08:40,1633.97,Report2,120.0,1.5,1.2,1.5,1.5,1.4
2023-05-12 18:40:40,1716.19,Report2,120.0,1.5,1.2,1.5,1.5,1.4
2023-05-17 10:26:40,1536.4,Report2,120.0,1.5,1.2,1.5,1.5,1.4
2023-06-06 05:09:40,1233.67,Report2,120.0,1.5,1.2,1.5,1.5,1.4
2023-07-05 15:11:40,1253.02,Report2,120.0,1.5,1.2,1.5,1.5,1.4
2023-08-02 04:40:20,-453.24,Report2,120.0,1.5,1.2,1.5,1.5,1.4
2023-08-11 12:51:40,1920.36,Report2,120.0,1.5,1.2,1.5,1.5,1.4
2023-09-21 15:19:40,1217.55,Report2,120.0,1.5,1.2,1.5,1.5,1.4
2023-10-10 04:20:20,1189.02,Report2,120.0,1.5,1.2,1.5,1.5,1.4
2023-10-19 04:20:00,1357.32,Report2,120.0,1.5,1.2,1.5,1.5,1.4
2023-10-31 13:05:40,-1551.61,Report2,120.0,1.5,1.2,1.5,1.5,1.4
2023-12-20 21:52:40,1165.05,Report2,120.0,1.5,1.2,1.5,1.5,1.4
2023-12-22 16:33:40,-2023.19,Report2,120.0,1.5,1.2,1.5,1.5,1.4
2023-12-29 18:16:40,-1099.46,Report2,120.0,1.5,1.2,1.5,1.5,1.4
2024-01-16 04:20:00,-457.12,Report2,120.0,1.5,1.2,1.5,1.5,1.4
2024-01-29 20:01:40,1676.12,Report2,120.0,1.5,1.2,1.5,1.5,1.4
2024-02-02 17:05:40,1820.96,Report2,120.0,1.5,1.2,1.5,1.5,1.4
2024-03-27 10:21:40,1400.4,Report2,120.0,1.5,1.2,1.5,1.5,1.4
2024-04-05 05:00:40,-1178.38,Report2,120.0,1.5,1.2,1.5,1.5,1.4
2024-05-02 04:20:00,-1354.31,Report2,120.0,1.5,1.2,1.5,1.5,1.4
2024-05-21 05:10:20,1308.07,Report2,120.0,1.5,1.2,1.5,1.5,1.4
2024-06-27 04:35:40,1202.85,Report2,120.0,1.5,1.2,1.5,1.5,1.4
2024-07-05 15:29:40,1097.76,Report2,120.0,1.5,1.2,1.5,1.5,1.4
2024-07-16 04:37:40,-1244.23,Report2,120.0,1.5,1.2,1.5,1.5,1.4
2024-07-19 04:36:20,1429.75,Report2,120.0,1.5,1.2,1.5,1.5,1.4
2024-08-06 16:32:40,-871.15,Report2,120.0,1.5,1.2,1.5,1.5,1.4
2024-08-14 19:30:40,1164.29,Report2,120.0,1.5,1.2,1.5,1.5,1.4
2024-10-08 10:50:20,7194.43,Report2,120.0,1.5,1.2,1.5,1.5,1.4
2024-10-15 08:26:40,3452.48,Report2,120.0,1.5,1.2,1.5,1.5,1.4
2024-10-28 18:17:40,1409.7,Report2,120.0,1.5,1.2,1.5,1.5,1.4
2024-11-06 10:18:40,-2719.95,Report2,120.0,1.5,1.2,1.5,1.5,1.4
2024-11-11 05:14:40,628.18,Report2,120.0,1.5,1.2,1.5,1.5,1.4
2024-11-18 05:03:40,-1878.87,Report2,120.0,1.5,1.2,1.5,1.5,1.4
2024-11-26 16:55:40,-1849.11,Report2,120.0,1.5,1.2,1.5,1.5,1.4
2024-11-27 08:19:40,1412.36,Report2,120.0,1.5,1.2,1.5,1.5,1.4
2024-12-03 14:51:40,1454.93,Report2,120.0,1.5,1.2,1.5,1.5,1.4
2024-12-13 09:42:20,2489.11,Report2,120.0,1.5,1.2,1.5,1.5,1.4
2025-01-02 04:20:20,1451.03,Report2,120.0,1.5,1.2,1.5,1.5,1.4
2025-03-10 18:37:40,-530.65,Report2,120.0,1.5,1.2,1.5,1.5,1.4
2025-03-20 16:30:40,2966.11,Report2,120.0,1.5,1.2,1.5,1.5,1.4
2025-03-31 04:37:40,2650.59,Report2,120.0,1.5,1.2,1.5,1.5,1.4
2025-04-30 05:39:40,-1616.32,Report2,120.0,1.5,1.2,1.5,1.5,1.4
2025-04-30 16:41:40,-2072.51,Report2,120.0,1.5,1.2,1.5,1.5,1.4
2025-05-30 19:32:40,1838.41,Report2,120.0,1.5,1.2,1.5,1.5,1.4
2025-06-18 05:14:40,1588.29,Report2,120.0,1.5,1.2,1.5,1.5,1.4
2025-07-30 09:03:40,1809.94,Report2,120.0,1.5,1.2,1.5,1.5,1.4
2025-08-07 04:30:40,1263.48,Report2,120.0,1.5,1.2,1.5,1.5,1.4
2025-08-12 04:30:40,-1099.77,Report2,120.0,1.5,1.2,1.5,1.5,1.4
2025-08-27 09:30:20,1981.0,Report2,120.0,1.5,1.2,1.5,1.5,1.4
2025-09-26 16:47:40,-1262.52,Report2,120.0,1.5,1.2,1.5,1.5,1.4
2025-10-17 14:11:40,-812.2,Report2,120.0,1.5,1.2,1.5,1.5,1.4
2025-10-30 16:54:40,-563.18,Report2,120.0,1.5,1.2,1.5,1.5,1.4
2025-12-16 04:20:20,1801.14,Report2,120.0,1.5,1.2,1.5,1.5,1.4
2025-12-30 04:20:00,-862.74,Report2,120.0,1.5,1.2,1.5,1.5,1.4
2026-01-07 18:43:00,-1722.5,Report2,120.0,1.5,1.2,1.5,1.5,1.4
2026-02-26 16:34:40,-199.72,Report2,120.0,1.5,1.2,1.5,1.5,1.4
2026-03-02 04:20:20,2302.84,Report2,120.0,1.5,1.2,1.5,1.5,1.4
2026-03-19 04:39:40,-1244.31,Report2,120.0,1.5,1.2,1.5,1.5,1.4
2021-01-18 09:00:00,10.98,Report3,1.0,1.5,1.2,1.5,1.5,1.4
2021-03-12 17:15:40,-20.78,Report3,1.0,1.5,1.2,1.5,1.5,1.4
2021-03-19 17:15:40,-23.87,Report3,1.0,1.5,1.2,1.5,1.5,1.4
2021-04-21 05:00:00,16.75,Report3,1.0,1.5,1.2,1.5,1.5,1.4
2021-05-31 06:00:40,14.75,Report3,1.0,1.5,1.2,1.5,1.5,1.4
2021-06-03 09:00:59,13.09,Report3,1.0,1.5,1.2,1.5,1.5,1.4
2021-06-29 09:00:59,10.66,Report3,1.0,1.5,1.2,1.5,1.5,1.4
2021-07-23 17:00:20,15.34,Report3,1.0,1.5,1.2,1.5,1.5,1.4
2021-08-12 16:00:40,15.25,Report3,1.0,1.5,1.2,1.5,1.5,1.4
2021-09-09 05:00:40,15.23,Report3,1.0,1.5,1.2,1.5,1.5,1.4
2021-09-27 04:20:40,-23.46,Report3,1.0,1.5,1.2,1.5,1.5,1.4
2021-10-26 19:45:40,13.66,Report3,1.0,1.5,1.2,1.5,1.5,1.4
2021-11-03 04:29:40,-8.33,Report3,1.0,1.5,1.2,1.5,1.5,1.4
2021-12-06 04:20:00,-24.45,Report3,1.0,1.5,1.2,1.5,1.5,1.4
2021-12-13 16:46:40,15.7,Report3,1.0,1.5,1.2,1.5,1.5,1.4
2021-12-17 17:36:40,-5.8,Report3,1.0,1.5,1.2,1.5,1.5,1.4
2021-12-29 16:15:40,-2.93,Report3,1.0,1.5,1.2,1.5,1.5,1.4
2022-01-05 04:20:20,12.31,Report3,1.0,1.5,1.2,1.5,1.5,1.4
2022-01-11 05:32:20,13.91,Report3,1.0,1.5,1.2,1.5,1.5,1.4
2022-03-11 08:05:00,-16.75,Report3,1.0,1.5,1.2,1.5,1.5,1.4
2022-04-01 04:20:40,19.14,Report3,1.0,1.5,1.2,1.5,1.5,1.4
2022-04-06 21:35:20,-22.65,Report3,1.0,1.5,1.2,1.5,1.5,1.4
2022-04-19 18:50:40,-8.7,Report3,1.0,1.5,1.2,1.5,1.5,1.4
2022-05-05 16:45:40,20.4,Report3,1.0,1.5,1.2,1.5,1.5,1.4
2022-06-01 21:15:20,-8.93,Report3,1.0,1.5,1.2,1.5,1.5,1.4
2022-06-09 13:42:40,-19.5,Report3,1.0,1.5,1.2,1.5,1.5,1.4
2022-06-10 04:22:40,24.66,Report3,1.0,1.5,1.2,1.5,1.5,1.4
2022-06-16 19:29:40,-3.28,Report3,1.0,1.5,1.2,1.5,1.5,1.4
2022-06-28 13:56:40,14.34,Report3,1.0,1.5,1.2,1.5,1.5,1.4
2022-06-29 09:50:40,18.76,Report3,1.0,1.5,1.2,1.5,1.5,1.4
2022-07-05 16:09:40,20.05,Report3,1.0,1.5,1.2,1.5,1.5,1.4
2022-07-28 16:31:40,-16.67,Report3,1.0,1.5,1.2,1.5,1.5,1.4
2022-09-01 20:20:40,-1.77,Report3,1.0,1.5,1.2,1.5,1.5,1.4
2022-09-29 09:19:40,18.11,Report3,1.0,1.5,1.2,1.5,1.5,1.4
2022-10-07 15:41:40,13.87,Report3,1.0,1.5,1.2,1.5,1.5,1.4
2022-10-28 08:30:20,17.97,Report3,1.0,1.5,1.2,1.5,1.5,1.4
2022-12-12 21:26:40,-0.74,Report3,1.0,1.5,1.2,1.5,1.5,1.4
2022-12-28 04:20:20,14.07,Report3,1.0,1.5,1.2,1.5,1.5,1.4
2023-01-11 04:21:40,13.23,Report3,1.0,1.5,1.2,1.5,1.5,1.4
2023-01-17 10:08:40,-9.95,Report3,1.0,1.5,1.2,1.5,1.5,1.4
2023-01-19 20:36:40,11.92,Report3,1.0,1.5,1.2,1.5,1.5,1.4
2023-02-03 04:20:00,19.03,Report3,1.0,1.5,1.2,1.5,1.5,1.4
2023-02-09 04:20:00,-16.93,Report3,1.0,1.5,1.2,1.5,1.5,1.4
2023-02-13 04:28:40,16.13,Report3,1.0,1.5,1.2,1.5,1.5,1.4
2023-02-21 11:15:40,-3.2,Report3,1.0,1.5,1.2,1.5,1.5,1.4
2023-03-07 17:04:20,18.18,Report3,1.0,1.5,1.2,1.5,1.5,1.4
2023-03-27 06:36:40,-12.61,Report3,1.0,1.5,1.2,1.5,1.5,1.4
2023-04-12 18:08:40,13.62,Report3,1.0,1.5,1.2,1.5,1.5,1.4
2023-05-12 18:40:40,14.3,Report3,1.0,1.5,1.2,1.5,1.5,1.4
2023-05-17 10:26:40,12.8,Report3,1.0,1.5,1.2,1.5,1.5,1.4
2023-06-06 05:09:40,10.28,Report3,1.0,1.5,1.2,1.5,1.5,1.4
2023-07-05 15:11:40,10.44,Report3,1.0,1.5,1.2,1.5,1.5,1.4
2023-08-02 04:40:20,-3.78,Report3,1.0,1.5,1.2,1.5,1.5,1.4
2023-08-11 12:51:40,16.0,Report3,1.0,1.5,1.2,1.5,1.5,1.4
2023-09-21 15:19:40,10.15,Report3,1.0,1.5,1.2,1.5,1.5,1.4
2023-10-10 04:20:20,9.91,Report3,1.0,1.5,1.2,1.5,1.5,1.4
2023-10-19 04:20:00,11.31,Report3,1.0,1.5,1.2,1.5,1.5,1.4
2023-10-31 13:05:40,-12.93,Report3,1.0,1.5,1.2,1.5,1.5,1.4
2023-12-20 21:52:40,9.71,Report3,1.0,1.5,1.2,1.5,1.5,1.4
2023-12-22 16:33:40,-16.86,Report3,1.0,1.5,1.2,1.5,1.5,1.4
2023-12-29 18:16:40,-9.16,Report3,1.0,1.5,1.2,1.5,1.5,1.4
2024-01-16 04:20:00,-3.81,Report3,1.0,1.5,1.2,1.5,1.5,1.4
2024-01-29 20:01:40,13.97,Report3,1.0,1.5,1.2,1.5,1.5,1.4
2024-02-02 17:05:40,15.17,Report3,1.0,1.5,1.2,1.5,1.5,1.4
2024-03-27 10:21:40,11.67,Report3,1.0,1.5,1.2,1.5,1.5,1.4
2024-04-05 05:00:40,-9.82,Report3,1.0,1.5,1.2,1.5,1.5,1.4
2024-05-02 04:20:00,-11.29,Report3,1.0,1.5,1.2,1.5,1.5,1.4
2024-05-21 05:10:20,10.9,Report3,1.0,1.5,1.2,1.5,1.5,1.4
2024-06-27 04:35:40,10.02,Report3,1.0,1.5,1.2,1.5,1.5,1.4
2024-07-05 15:29:40,9.15,Report3,1.0,1.5,1.2,1.5,1.5,1.4
2024-07-16 04:37:40,-10.37,Report3,1.0,1.5,1.2,1.5,1.5,1.4
2024-07-19 04:36:20,11.91,Report3,1.0,1.5,1.2,1.5,1.5,1.4
2024-08-06 16:32:40,-7.26,Report3,1.0,1.5,1.2,1.5,1.5,1.4
2024-08-14 19:30:40,9.7,Report3,1.0,1.5,1.2,1.5,1.5,1.4
2024-10-08 10:50:20,59.95,Report3,1.0,1.5,1.2,1.5,1.5,1.4
2024-10-15 08:26:40,28.77,Report3,1.0,1.5,1.2,1.5,1.5,1.4
2024-10-28 18:17:40,11.75,Report3,1.0,1.5,1.2,1.5,1.5,1.4
2024-11-06 10:18:40,-22.67,Report3,1.0,1.5,1.2,1.5,1.5,1.4
2024-11-11 05:14:40,5.23,Report3,1.0,1.5,1.2,1.5,1.5,1.4
2024-11-18 05:03:40,-15.66,Report3,1.0,1.5,1.2,1.5,1.5,1.4
2024-11-26 16:55:40,-15.41,Report3,1.0,1.5,1.2,1.5,1.5,1.4
2024-11-27 08:19:40,11.77,Report3,1.0,1.5,1.2,1.5,1.5,1.4
2024-12-03 14:51:40,12.12,Report3,1.0,1.5,1.2,1.5,1.5,1.4
2024-12-13 09:42:20,20.74,Report3,1.0,1.5,1.2,1.5,1.5,1.4
2025-01-02 04:20:20,12.09,Report3,1.0,1.5,1.2,1.5,1.5,1.4
2025-03-10 18:37:40,-4.42,Report3,1.0,1.5,1.2,1.5,1.5,1.4
2025-03-20 16:30:40,24.72,Report3,1.0,1.5,1.2,1.5,1.5,1.4
2025-03-31 04:37:40,22.09,Report3,1.0,1.5,1.2,1.5,1.5,1.4
2025-04-30 05:39:40,-13.47,Report3,1.0,1.5,1.2,1.5,1.5,1.4
2025-04-30 16:41:40,-17.27,Report3,1.0,1.5,1.2,1.5,1.5,1.4
2025-05-30 19:32:40,15.32,Report3,1.0,1.5,1.2,1.5,1.5,1.4
2025-06-18 05:14:40,13.24,Report3,1.0,1.5,1.2,1.5,1.5,1.4
2025-07-30 09:03:40,15.08,Report3,1.0,1.5,1.2,1.5,1.5,1.4
2025-08-07 04:30:40,10.53,Report3,1.0,1.5,1.2,1.5,1.5,1.4
2025-08-12 04:30:40,-9.16,Report3,1.0,1.5,1.2,1.5,1.5,1.4
2025-08-27 09:30:20,16.51,Report3,1.0,1.5,1.2,1.5,1.5,1.4
2025-09-26 16:47:40,-10.52,Report3,1.0,1.5,1.2,1.5,1.5,1.4
2025-10-17 14:11:40,-6.77,Report3,1.0,1.5,1.2,1.5,1.5,1.4
2025-10-30 16:54:40,-4.69,Report3,1.0,1.5,1.2,1.5,1.5,1.4
2025-12-16 04:20:20,15.01,Report3,1.0,1.5,1.2,1.5,1.5,1.4
2025-12-30 04:20:00,-7.19,Report3,1.0,1.5,1.2,1.5,1.5,1.4
2026-01-07 18:43:00,-14.35,Report3,1.0,1.5,1.2,1.5,1.5,1.4
2026-02-26 16:34:40,-1.66,Report3,1.0,1.5,1.2,1.5,1.5,1.4
2026-03-02 04:20:20,19.19,Report3,1.0,1.5,1.2,1.5,1.5,1.4
2026-03-19 04:39:40,-10.37,Report3,1.0,1.5,1.2,1.5,1.5,1.4
2021-01-18 09:00:20,1192.54,Report4,45.0,2.5,3.0,3.0,3.5,1.4
2021-03-12 17:15:40,-935.03,Report4,45.0,2.5,3.0,3.0,3.5,1.4
2021-03-23 05:15:20,2470.61,Report4,45.0,2.5,3.0,3.0,3.5,1.4
2021-04-21 05:00:20,1758.7,Report4,45.0,2.5,3.0,3.0,3.5,1.4
2021-05-31 10:00:40,191.82,Report4,45.0,2.5,3.0,3.0,3.5,1.4
2021-06-03 18:00:20,609.7,Report4,45.0,2.5,3.0,3.0,3.5,1.4
2021-06-29 10:00:40,110.44,Report4,45.0,2.5,3.0,3.0,3.5,1.4
2021-07-26 05:00:00,1610.26,Report4,45.0,2.5,3.0,3.0,3.5,1.4
2021-08-13 05:00:20,227.03,Report4,45.0,2.5,3.0,3.0,3.5,1.4
2021-09-09 06:00:40,1599.06,Report4,45.0,2.5,3.0,3.0,3.5,1.4
2021-09-27 04:31:40,-2111.13,Report4,45.0,2.5,3.0,3.0,3.5,1.4
2021-10-27 04:30:40,1434.21,Report4,45.0,2.5,3.0,3.0,3.5,1.4
2021-11-03 04:29:40,-375.04,Report4,45.0,2.5,3.0,3.0,3.5,1.4
2021-12-06 16:17:20,-413.13,Report4,45.0,2.5,3.0,3.0,3.5,1.4
2021-12-14 04:30:40,1647.47,Report4,45.0,2.5,3.0,3.0,3.5,1.4
2021-12-17 17:36:40,-261.2,Report4,45.0,2.5,3.0,3.0,3.5,1.4
2021-12-29 16:15:40,-131.83,Report4,45.0,2.5,3.0,3.0,3.5,1.4
2022-01-05 08:32:20,1292.31,Report4,45.0,2.5,3.0,3.0,3.5,1.4
2022-01-11 19:02:40,1338.91,Report4,45.0,2.5,3.0,3.0,3.5,1.4
2022-03-11 08:05:00,-753.56,Report4,45.0,2.5,3.0,3.0,3.5,1.4
2022-04-01 05:41:40,-42.34,Report4,45.0,2.5,3.0,3.0,3.5,1.4
2022-04-07 04:43:40,-2038.89,Report4,45.0,2.5,3.0,3.0,3.5,1.4
2022-04-19 18:50:40,-391.28,Report4,45.0,2.5,3.0,3.0,3.5,1.4
2022-05-05 17:25:40,2141.46,Report4,45.0,2.5,3.0,3.0,3.5,1.4
2022-06-01 21:15:20,-401.82,Report4,45.0,2.5,3.0,3.0,3.5,1.4
2022-06-09 15:26:40,-1462.5,Report4,45.0,2.5,3.0,3.0,3.5,1.4
2022-06-10 05:54:40,-445.36,Report4,45.0,2.5,3.0,3.0,3.5,1.4
2022-06-16 19:29:40,-147.57,Report4,45.0,2.5,3.0,3.0,3.5,1.4
2022-06-28 21:32:20,-1343.86,Report4,45.0,2.5,3.0,3.0,3.5,1.4
2022-06-29 10:37:40,76.33,Report4,45.0,2.5,3.0,3.0,3.5,1.4
2022-07-05 20:41:40,438.11,Report4,45.0,2.5,3.0,3.0,3.5,1.4
2022-07-28 20:37:40,138.78,Report4,45.0,2.5,3.0,3.0,3.5,1.4
2022-09-01 20:20:40,-79.87,Report4,45.0,2.5,3.0,3.0,3.5,1.4
2022-09-29 12:28:40,16.11,Report4,45.0,2.5,3.0,3.0,3.5,1.4
2022-10-07 16:34:40,133.51,Report4,45.0,2.5,3.0,3.0,3.5,1.4
2022-10-28 15:30:40,908.21,Report4,45.0,2.5,3.0,3.0,3.5,1.4
2022-12-12 21:26:40,-33.11,Report4,45.0,2.5,3.0,3.0,3.5,1.4
2022-12-28 04:20:20,1583.2,Report4,45.0,2.5,3.0,3.0,3.5,1.4
2023-01-11 05:00:40,846.47,Report4,45.0,2.5,3.0,3.0,3.5,1.4
2023-01-17 10:08:40,-447.73,Report4,45.0,2.5,3.0,3.0,3.5,1.4
2023-01-20 06:00:40,759.58,Report4,45.0,2.5,3.0,3.0,3.5,1.4
2023-02-03 08:05:00,1023.64,Report4,45.0,2.5,3.0,3.0,3.5,1.4
2023-02-09 04:20:00,-1523.84,Report4,45.0,2.5,3.0,3.0,3.5,1.4
2023-02-13 09:17:40,-399.04,Report4,45.0,2.5,3.0,3.0,3.5,1.4
2023-02-21 11:15:40,-143.84,Report4,45.0,2.5,3.0,3.0,3.5,1.4
2023-03-08 04:20:00,1909.43,Report4,45.0,2.5,3.0,3.0,3.5,1.4
2023-03-27 06:36:40,-567.31,Report4,45.0,2.5,3.0,3.0,3.5,1.4
2023-04-13 04:20:00,1430.07,Report4,45.0,2.5,3.0,3.0,3.5,1.4
2023-05-15 04:20:40,412.53,Report4,45.0,2.5,3.0,3.0,3.5,1.4
2023-05-17 16:24:40,228.21,Report4,45.0,2.5,3.0,3.0,3.5,1.4
2023-06-06 06:00:40,857.84,Report4,45.0,2.5,3.0,3.0,3.5,1.4
2023-07-06 04:20:00,1096.87,Report4,45.0,2.5,3.0,3.0,3.5,1.4
2023-08-02 04:40:20,-169.97,Report4,45.0,2.5,3.0,3.0,3.5,1.4
2023-08-11 18:31:40,1679.94,Report4,45.0,2.5,3.0,3.0,3.5,1.4
2023-09-21 17:19:40,137.17,Report4,45.0,2.5,3.0,3.0,3.5,1.4
2023-10-10 04:30:40,1114.78,Report4,45.0,2.5,3.0,3.0,3.5,1.4
2023-10-19 04:41:40,1187.66,Report4,45.0,2.5,3.0,3.0,3.5,1.4
2023-10-31 21:56:40,-14.72,Report4,45.0,2.5,3.0,3.0,3.5,1.4
2023-12-21 08:05:40,-844.7,Report4,45.0,2.5,3.0,3.0,3.5,1.4
2023-12-22 19:47:00,-1517.82,Report4,45.0,2.5,3.0,3.0,3.5,1.4
2024-01-02 04:20:00,-686.99,Report4,45.0,2.5,3.0,3.0,3.5,1.4
2024-01-16 04:20:00,-171.42,Report4,45.0,2.5,3.0,3.0,3.5,1.4
2024-01-30 10:42:40,1466.24,Report4,45.0,2.5,3.0,3.0,3.5,1.4
2024-02-05 04:20:00,124.89,Report4,45.0,2.5,3.0,3.0,3.5,1.4
2024-03-27 17:12:40,16.22,Report4,45.0,2.5,3.0,3.0,3.5,1.4
2024-04-05 08:07:40,-883.84,Report4,45.0,2.5,3.0,3.0,3.5,1.4
2024-05-02 04:20:00,-1015.79,Report4,45.0,2.5,3.0,3.0,3.5,1.4
2024-05-21 08:27:40,509.36,Report4,45.0,2.5,3.0,3.0,3.5,1.4
2024-06-27 05:31:40,1052.48,Report4,45.0,2.5,3.0,3.0,3.5,1.4
2024-07-05 16:47:40,960.57,Report4,45.0,2.5,3.0,3.0,3.5,1.4
2024-07-16 05:08:40,-43.76,Report4,45.0,2.5,3.0,3.0,3.5,1.4
2024-07-19 15:46:40,686.37,Report4,45.0,2.5,3.0,3.0,3.5,1.4
2024-08-06 16:32:40,-326.68,Report4,45.0,2.5,3.0,3.0,3.5,1.4
2024-08-15 04:36:40,54.67,Report4,45.0,2.5,3.0,3.0,3.5,1.4
2024-10-08 14:02:40,1481.08,Report4,45.0,2.5,3.0,3.0,3.5,1.4
2024-10-15 09:21:40,3020.86,Report4,45.0,2.5,3.0,3.0,3.5,1.4
2024-10-29 12:20:00,1321.83,Report4,45.0,2.5,3.0,3.0,3.5,1.4
2024-11-06 17:14:40,-166.37,Report4,45.0,2.5,3.0,3.0,3.5,1.4
2024-11-11 05:14:40,235.57,Report4,45.0,2.5,3.0,3.0,3.5,1.4
2024-11-18 08:05:00,-1174.12,Report4,45.0,2.5,3.0,3.0,3.5,1.4
2024-11-26 17:30:40,-1155.63,Report4,45.0,2.5,3.0,3.0,3.5,1.4
2024-11-27 09:00:40,1324.17,Report4,45.0,2.5,3.0,3.0,3.5,1.4
2024-12-04 05:00:40,593.26,Report4,45.0,2.5,3.0,3.0,3.5,1.4
2024-12-16 08:08:40,2177.61,Report4,45.0,2.5,3.0,3.0,3.5,1.4
2025-01-02 04:20:20,1269.72,Report4,45.0,2.5,3.0,3.0,3.5,1.4
2025-03-10 18:37:40,-198.99,Report4,45.0,2.5,3.0,3.0,3.5,1.4
2025-03-21 04:20:20,233.54,Report4,45.0,2.5,3.0,3.0,3.5,1.4
2025-03-31 04:54:40,-70.52,Report4,45.0,2.5,3.0,3.0,3.5,1.4
2025-04-30 05:39:40,-606.12,Report4,45.0,2.5,3.0,3.0,3.5,1.4
2025-04-30 16:57:20,-1295.25,Report4,45.0,2.5,3.0,3.0,3.5,1.4
2025-06-02 04:48:40,1608.32,Report4,45.0,2.5,3.0,3.0,3.5,1.4
2025-06-18 17:13:40,657.63,Report4,45.0,2.5,3.0,3.0,3.5,1.4
2025-07-30 10:17:20,-66.96,Report4,45.0,2.5,3.0,3.0,3.5,1.4
2025-08-07 08:05:20,696.93,Report4,45.0,2.5,3.0,3.0,3.5,1.4
2025-08-12 04:30:40,-412.41,Report4,45.0,2.5,3.0,3.0,3.5,1.4
2025-08-27 15:41:40,1732.07,Report4,45.0,2.5,3.0,3.0,3.5,1.4
2025-09-26 16:47:40,-473.44,Report4,45.0,2.5,3.0,3.0,3.5,1.4
2025-10-17 14:11:40,-304.58,Report4,45.0,2.5,3.0,3.0,3.5,1.4
2025-10-30 16:54:40,-211.19,Report4,45.0,2.5,3.0,3.0,3.5,1.4
2025-12-16 04:20:20,1576.02,Report4,45.0,2.5,3.0,3.0,3.5,1.4
2025-12-30 04:20:00,-323.53,Report4,45.0,2.5,3.0,3.0,3.5,1.4
2026-01-08 09:24:40,425.29,Report4,45.0,2.5,3.0,3.0,3.5,1.4
2026-02-26 16:34:40,-74.9,Report4,45.0,2.5,3.0,3.0,3.5,1.4
2026-03-02 04:20:20,2014.92,Report4,45.0,2.5,3.0,3.0,3.5,1.4
2026-03-19 04:39:40,-466.62,Report4,45.0,2.5,3.0,3.0,3.5,1.4
2021-01-18 09:00:00,754.63,Report5,55.0,3.0,1.5,3.0,1.8,1.4
2021-03-12 17:15:40,-1142.81,Report5,55.0,3.0,1.5,3.0,1.8,1.4
2021-03-23 05:15:00,1552.94,Report5,55.0,3.0,1.5,3.0,1.8,1.4
2021-04-21 05:00:00,1105.44,Report5,55.0,3.0,1.5,3.0,1.8,1.4
2021-05-31 06:00:40,973.38,Report5,55.0,3.0,1.5,3.0,1.8,1.4
2021-06-03 09:00:59,864.23,Report5,55.0,3.0,1.5,3.0,1.8,1.4
2021-06-29 10:00:40,134.98,Report5,55.0,3.0,1.5,3.0,1.8,1.4
2021-07-23 19:00:20,1012.33,Report5,55.0,3.0,1.5,3.0,1.8,1.4
2021-08-12 17:00:40,1006.6,Report5,55.0,3.0,1.5,3.0,1.8,1.4
2021-09-09 05:00:40,1005.04,Report5,55.0,3.0,1.5,3.0,1.8,1.4
2021-09-27 04:31:40,-2580.26,Report5,55.0,3.0,1.5,3.0,1.8,1.4
2021-10-27 04:20:00,901.52,Report5,55.0,3.0,1.5,3.0,1.8,1.4
2021-11-03 04:29:40,-458.38,Report5,55.0,3.0,1.5,3.0,1.8,1.4
2021-12-06 16:17:20,-504.94,Report5,55.0,3.0,1.5,3.0,1.8,1.4
2021-12-13 16:50:20,1035.89,Report5,55.0,3.0,1.5,3.0,1.8,1.4
2021-12-17 17:36:40,-319.24,Report5,55.0,3.0,1.5,3.0,1.8,1.4
2021-12-29 16:15:40,-161.13,Report5,55.0,3.0,1.5,3.0,1.8,1.4
2022-01-05 04:20:20,812.43,Report5,55.0,3.0,1.5,3.0,1.8,1.4
2022-01-11 17:00:40,956.34,Report5,55.0,3.0,1.5,3.0,1.8,1.4
2022-03-11 08:05:00,-921.02,Report5,55.0,3.0,1.5,3.0,1.8,1.4
2022-04-01 04:30:40,1263.38,Report5,55.0,3.0,1.5,3.0,1.8,1.4
2022-04-07 04:43:40,-2491.97,Report5,55.0,3.0,1.5,3.0,1.8,1.4
2022-04-19 18:50:40,-478.23,Report5,55.0,3.0,1.5,3.0,1.8,1.4
2022-05-05 16:47:40,1346.02,Report5,55.0,3.0,1.5,3.0,1.8,1.4
2022-06-01 21:15:20,-491.11,Report5,55.0,3.0,1.5,3.0,1.8,1.4
2022-06-09 16:31:40,-2144.82,Report5,55.0,3.0,1.5,3.0,1.8,1.4
2022-06-10 05:54:40,-544.33,Report5,55.0,3.0,1.5,3.0,1.8,1.4
2022-06-16 19:29:40,-180.36,Report5,55.0,3.0,1.5,3.0,1.8,1.4
2022-06-28 14:00:20,985.47,Report5,55.0,3.0,1.5,3.0,1.8,1.4
2022-06-29 09:53:40,1238.22,Report5,55.0,3.0,1.5,3.0,1.8,1.4
2022-07-05 16:30:40,1323.22,Report5,55.0,3.0,1.5,3.0,1.8,1.4
2022-07-28 17:15:40,1060.47,Report5,55.0,3.0,1.5,3.0,1.8,1.4
2022-09-01 20:20:40,-97.62,Report5,55.0,3.0,1.5,3.0,1.8,1.4
2022-09-29 09:20:40,1195.4,Report5,55.0,3.0,1.5,3.0,1.8,1.4
2022-10-07 15:44:40,915.32,Report5,55.0,3.0,1.5,3.0,1.8,1.4
2022-10-28 08:35:40,1185.66,Report5,55.0,3.0,1.5,3.0,1.8,1.4
2022-12-12 21:26:40,-40.46,Report5,55.0,3.0,1.5,3.0,1.8,1.4
2022-12-28 04:20:20,967.47,Report5,55.0,3.0,1.5,3.0,1.8,1.4
2023-01-11 04:23:40,909.62,Report5,55.0,3.0,1.5,3.0,1.8,1.4
2023-01-17 10:08:40,-547.22,Report5,55.0,3.0,1.5,3.0,1.8,1.4
2023-01-20 04:21:40,819.6,Report5,55.0,3.0,1.5,3.0,1.8,1.4
2023-02-03 04:20:00,1256.05,Report5,55.0,3.0,1.5,3.0,1.8,1.4
2023-02-09 04:20:00,-1862.47,Report5,55.0,3.0,1.5,3.0,1.8,1.4
2023-02-13 09:17:40,-487.72,Report5,55.0,3.0,1.5,3.0,1.8,1.4
2023-02-21 11:15:40,-175.8,Report5,55.0,3.0,1.5,3.0,1.8,1.4
2023-03-07 17:11:20,1200.19,Report5,55.0,3.0,1.5,3.0,1.8,1.4
2023-03-27 06:36:40,-693.38,Report5,55.0,3.0,1.5,3.0,1.8,1.4
2023-04-12 21:27:40,898.69,Report5,55.0,3.0,1.5,3.0,1.8,1.4
2023-05-12 19:22:00,943.99,Report5,55.0,3.0,1.5,3.0,1.8,1.4
2023-05-17 10:26:40,844.99,Report5,55.0,3.0,1.5,3.0,1.8,1.4
2023-06-06 05:10:40,706.78,Report5,55.0,3.0,1.5,3.0,1.8,1.4
2023-07-05 16:37:20,689.33,Report5,55.0,3.0,1.5,3.0,1.8,1.4
2023-08-02 04:40:20,-207.74,Report5,55.0,3.0,1.5,3.0,1.8,1.4
2023-08-11 15:52:20,1055.97,Report5,55.0,3.0,1.5,3.0,1.8,1.4
2023-09-21 17:19:40,167.65,Report5,55.0,3.0,1.5,3.0,1.8,1.4
2023-10-10 04:20:40,681.23,Report5,55.0,3.0,1.5,3.0,1.8,1.4
2023-10-19 04:20:40,746.56,Report5,55.0,3.0,1.5,3.0,1.8,1.4
2023-10-31 18:46:40,855.35,Report5,55.0,3.0,1.5,3.0,1.8,1.4
2023-12-21 08:05:40,-1032.41,Report5,55.0,3.0,1.5,3.0,1.8,1.4
2023-12-22 19:47:00,-1855.11,Report5,55.0,3.0,1.5,3.0,1.8,1.4
2024-01-02 04:20:00,-1007.57,Report5,55.0,3.0,1.5,3.0,1.8,1.4
2024-01-16 04:20:00,-209.51,Report5,55.0,3.0,1.5,3.0,1.8,1.4
2024-01-29 20:09:20,921.89,Report5,55.0,3.0,1.5,3.0,1.8,1.4
2024-02-02 17:34:20,1001.49,Report5,55.0,3.0,1.5,3.0,1.8,1.4
2024-03-27 17:12:40,19.82,Report5,55.0,3.0,1.5,3.0,1.8,1.4
2024-04-05 08:07:40,-1080.25,Report5,55.0,3.0,1.5,3.0,1.8,1.4
2024-05-02 04:20:00,-1241.52,Report5,55.0,3.0,1.5,3.0,1.8,1.4
2024-05-21 05:11:40,719.37,Report5,55.0,3.0,1.5,3.0,1.8,1.4
2024-06-27 04:36:40,661.53,Report5,55.0,3.0,1.5,3.0,1.8,1.4
2024-07-05 15:30:20,603.71,Report5,55.0,3.0,1.5,3.0,1.8,1.4
2024-07-16 05:08:40,-53.49,Report5,55.0,3.0,1.5,3.0,1.8,1.4
2024-07-19 04:48:40,786.28,Report5,55.0,3.0,1.5,3.0,1.8,1.4
2024-08-06 16:32:40,-399.28,Report5,55.0,3.0,1.5,3.0,1.8,1.4
2024-08-14 19:30:40,640.34,Report5,55.0,3.0,1.5,3.0,1.8,1.4
2024-10-08 11:09:20,3956.96,Report5,55.0,3.0,1.5,3.0,1.8,1.4
2024-10-15 08:29:40,1898.86,Report5,55.0,3.0,1.5,3.0,1.8,1.4
2024-10-29 04:30:40,807.65,Report5,55.0,3.0,1.5,3.0,1.8,1.4
2024-11-06 16:34:40,1383.76,Report5,55.0,3.0,1.5,3.0,1.8,1.4
2024-11-11 05:14:40,287.91,Report5,55.0,3.0,1.5,3.0,1.8,1.4
2024-11-18 08:05:40,-1722.11,Report5,55.0,3.0,1.5,3.0,1.8,1.4
2024-11-27 08:24:40,847.46,Report5,55.0,3.0,1.5,3.0,1.8,1.4
2024-12-04 04:36:40,833.67,Report5,55.0,3.0,1.5,3.0,1.8,1.4
2024-12-13 09:48:40,1368.99,Report5,55.0,3.0,1.5,3.0,1.8,1.4
2025-01-02 04:20:20,798.12,Report5,55.0,3.0,1.5,3.0,1.8,1.4
2025-03-10 18:37:40,-243.22,Report5,55.0,3.0,1.5,3.0,1.8,1.4
2025-03-21 04:20:20,285.44,Report5,55.0,3.0,1.5,3.0,1.8,1.4
2025-03-31 04:39:40,1457.8,Report5,55.0,3.0,1.5,3.0,1.8,1.4
2025-04-30 05:39:40,-740.81,Report5,55.0,3.0,1.5,3.0,1.8,1.4
2025-05-02 04:23:40,949.87,Report5,55.0,3.0,1.5,3.0,1.8,1.4
2025-05-30 19:34:20,1011.15,Report5,55.0,3.0,1.5,3.0,1.8,1.4
2025-06-18 05:23:20,873.54,Report5,55.0,3.0,1.5,3.0,1.8,1.4
2025-07-30 09:04:40,995.47,Report5,55.0,3.0,1.5,3.0,1.8,1.4
2025-08-07 04:31:20,723.87,Report5,55.0,3.0,1.5,3.0,1.8,1.4
2025-08-12 04:30:40,-504.06,Report5,55.0,3.0,1.5,3.0,1.8,1.4
2025-08-27 09:55:40,1089.59,Report5,55.0,3.0,1.5,3.0,1.8,1.4
2025-09-26 16:47:40,-578.65,Report5,55.0,3.0,1.5,3.0,1.8,1.4
2025-10-17 14:11:40,-372.26,Report5,55.0,3.0,1.5,3.0,1.8,1.4
2025-10-30 16:54:40,-258.12,Report5,55.0,3.0,1.5,3.0,1.8,1.4
2025-12-16 04:20:20,990.63,Report5,55.0,3.0,1.5,3.0,1.8,1.4
2025-12-30 04:20:00,-395.42,Report5,55.0,3.0,1.5,3.0,1.8,1.4
2026-01-08 04:20:00,976.49,Report5,55.0,3.0,1.5,3.0,1.8,1.4
2026-02-26 16:34:40,-91.54,Report5,55.0,3.0,1.5,3.0,1.8,1.4
2026-03-02 04:20:20,1266.53,Report5,55.0,3.0,1.5,3.0,1.8,1.4
2026-03-19 04:39:40,-570.31,Report5,55.0,3.0,1.5,3.0,1.8,1.4
2021-01-18 09:00:00,182.94,Report6,20.0,1.0,1.0,3.0,1.8,1.4
2021-03-12 17:15:40,-415.57,Report6,20.0,1.0,1.0,3.0,1.8,1.4
2021-03-23 05:15:00,564.71,Report6,20.0,1.0,1.0,3.0,1.8,1.4
2021-04-21 05:00:00,401.98,Report6,20.0,1.0,1.0,3.0,1.8,1.4
2021-05-31 06:00:40,353.96,Report6,20.0,1.0,1.0,3.0,1.8,1.4
2021-06-03 09:00:59,314.27,Report6,20.0,1.0,1.0,3.0,1.8,1.4
2021-06-29 10:00:40,49.08,Report6,20.0,1.0,1.0,3.0,1.8,1.4
2021-07-23 19:00:20,368.12,Report6,20.0,1.0,1.0,3.0,1.8,1.4
2021-08-12 17:00:40,366.04,Report6,20.0,1.0,1.0,3.0,1.8,1.4
2021-09-09 05:00:40,365.47,Report6,20.0,1.0,1.0,3.0,1.8,1.4
2021-09-27 04:31:40,-938.28,Report6,20.0,1.0,1.0,3.0,1.8,1.4
2021-10-27 04:20:00,327.83,Report6,20.0,1.0,1.0,3.0,1.8,1.4
2021-11-03 04:29:40,-166.68,Report6,20.0,1.0,1.0,3.0,1.8,1.4
2021-12-06 16:17:20,-183.62,Report6,20.0,1.0,1.0,3.0,1.8,1.4
2021-12-13 16:50:20,376.69,Report6,20.0,1.0,1.0,3.0,1.8,1.4
2021-12-17 17:36:40,-116.09,Report6,20.0,1.0,1.0,3.0,1.8,1.4
2021-12-29 16:15:40,-58.59,Report6,20.0,1.0,1.0,3.0,1.8,1.4
2022-01-05 04:20:20,295.43,Report6,20.0,1.0,1.0,3.0,1.8,1.4
2022-01-11 05:17:40,231.83,Report6,20.0,1.0,1.0,3.0,1.8,1.4
2022-03-11 08:05:00,-334.91,Report6,20.0,1.0,1.0,3.0,1.8,1.4
2022-04-01 04:30:40,459.41,Report6,20.0,1.0,1.0,3.0,1.8,1.4
2022-04-07 04:43:40,-906.17,Report6,20.0,1.0,1.0,3.0,1.8,1.4
2022-04-19 18:50:40,-173.9,Report6,20.0,1.0,1.0,3.0,1.8,1.4
2022-05-05 16:47:40,489.46,Report6,20.0,1.0,1.0,3.0,1.8,1.4
2022-06-01 21:15:20,-178.59,Report6,20.0,1.0,1.0,3.0,1.8,1.4
2022-06-09 12:36:40,259.97,Report6,20.0,1.0,1.0,3.0,1.8,1.4
2022-06-10 05:54:40,-197.94,Report6,20.0,1.0,1.0,3.0,1.8,1.4
2022-06-16 19:29:40,-65.59,Report6,20.0,1.0,1.0,3.0,1.8,1.4
2022-06-28 10:49:40,-238.94,Report6,20.0,1.0,1.0,3.0,1.8,1.4
2022-06-29 09:53:40,450.26,Report6,20.0,1.0,1.0,3.0,1.8,1.4
2022-07-05 16:30:40,481.17,Report6,20.0,1.0,1.0,3.0,1.8,1.4
2022-07-28 17:15:40,385.63,Report6,20.0,1.0,1.0,3.0,1.8,1.4
2022-09-01 20:20:40,-35.5,Report6,20.0,1.0,1.0,3.0,1.8,1.4
2022-09-29 09:20:40,434.69,Report6,20.0,1.0,1.0,3.0,1.8,1.4
2022-10-07 15:44:40,332.84,Report6,20.0,1.0,1.0,3.0,1.8,1.4
2022-10-28 08:35:40,431.15,Report6,20.0,1.0,1.0,3.0,1.8,1.4
2022-12-12 21:26:40,-14.71,Report6,20.0,1.0,1.0,3.0,1.8,1.4
2022-12-28 04:20:20,234.55,Report6,20.0,1.0,1.0,3.0,1.8,1.4
2023-01-11 04:20:40,220.51,Report6,20.0,1.0,1.0,3.0,1.8,1.4
2023-01-17 10:08:40,-198.99,Report6,20.0,1.0,1.0,3.0,1.8,1.4
2023-01-19 20:30:40,198.75,Report6,20.0,1.0,1.0,3.0,1.8,1.4
2023-02-03 04:20:00,456.74,Report6,20.0,1.0,1.0,3.0,1.8,1.4
2023-02-09 04:20:00,-677.26,Report6,20.0,1.0,1.0,3.0,1.8,1.4
2023-02-13 09:17:40,-177.35,Report6,20.0,1.0,1.0,3.0,1.8,1.4
2023-02-21 11:15:40,-63.93,Report6,20.0,1.0,1.0,3.0,1.8,1.4
2023-03-07 17:11:20,436.43,Report6,20.0,1.0,1.0,3.0,1.8,1.4
2023-03-27 06:36:40,-252.14,Report6,20.0,1.0,1.0,3.0,1.8,1.4
2023-04-12 21:27:40,326.8,Report6,20.0,1.0,1.0,3.0,1.8,1.4
2023-05-12 19:22:00,343.27,Report6,20.0,1.0,1.0,3.0,1.8,1.4
2023-05-17 10:26:40,307.27,Report6,20.0,1.0,1.0,3.0,1.8,1.4
2023-06-06 05:08:40,171.35,Report6,20.0,1.0,1.0,3.0,1.8,1.4
2023-07-05 16:37:20,250.67,Report6,20.0,1.0,1.0,3.0,1.8,1.4
2023-08-02 04:40:20,-75.54,Report6,20.0,1.0,1.0,3.0,1.8,1.4
2023-08-11 15:52:20,383.99,Report6,20.0,1.0,1.0,3.0,1.8,1.4
2023-09-21 17:19:40,60.96,Report6,20.0,1.0,1.0,3.0,1.8,1.4
2023-10-10 04:20:20,165.15,Report6,20.0,1.0,1.0,3.0,1.8,1.4
2023-10-19 04:20:40,271.48,Report6,20.0,1.0,1.0,3.0,1.8,1.4
2023-10-31 18:46:40,311.04,Report6,20.0,1.0,1.0,3.0,1.8,1.4
2023-12-21 08:05:40,-375.42,Report6,20.0,1.0,1.0,3.0,1.8,1.4
2023-12-22 19:47:00,-674.59,Report6,20.0,1.0,1.0,3.0,1.8,1.4
2023-12-29 17:52:40,-122.16,Report6,20.0,1.0,1.0,3.0,1.8,1.4
2024-01-16 04:20:00,-76.19,Report6,20.0,1.0,1.0,3.0,1.8,1.4
2024-01-29 20:09:20,335.23,Report6,20.0,1.0,1.0,3.0,1.8,1.4
2024-02-02 17:34:20,364.18,Report6,20.0,1.0,1.0,3.0,1.8,1.4
2024-03-27 17:12:40,7.21,Report6,20.0,1.0,1.0,3.0,1.8,1.4
2024-04-05 08:07:40,-392.82,Report6,20.0,1.0,1.0,3.0,1.8,1.4
2024-05-02 04:20:00,-451.46,Report6,20.0,1.0,1.0,3.0,1.8,1.4
2024-05-21 05:11:40,261.59,Report6,20.0,1.0,1.0,3.0,1.8,1.4
2024-06-27 04:36:40,240.56,Report6,20.0,1.0,1.0,3.0,1.8,1.4
2024-07-05 15:30:20,219.53,Report6,20.0,1.0,1.0,3.0,1.8,1.4
2024-07-16 05:08:40,-19.45,Report6,20.0,1.0,1.0,3.0,1.8,1.4
2024-07-19 04:48:40,285.92,Report6,20.0,1.0,1.0,3.0,1.8,1.4
2024-08-06 16:32:40,-145.19,Report6,20.0,1.0,1.0,3.0,1.8,1.4
2024-08-14 19:30:40,232.85,Report6,20.0,1.0,1.0,3.0,1.8,1.4
2024-10-08 11:09:20,1438.9,Report6,20.0,1.0,1.0,3.0,1.8,1.4
2024-10-15 08:29:40,690.49,Report6,20.0,1.0,1.0,3.0,1.8,1.4
2024-10-28 17:56:40,195.78,Report6,20.0,1.0,1.0,3.0,1.8,1.4
2024-11-06 16:34:40,503.19,Report6,20.0,1.0,1.0,3.0,1.8,1.4
2024-11-11 05:14:40,104.7,Report6,20.0,1.0,1.0,3.0,1.8,1.4
2024-11-18 04:42:20,-208.78,Report6,20.0,1.0,1.0,3.0,1.8,1.4
2024-11-26 16:38:40,-205.46,Report6,20.0,1.0,1.0,3.0,1.8,1.4
2024-11-27 08:18:40,196.15,Report6,20.0,1.0,1.0,3.0,1.8,1.4
2024-12-03 10:07:40,202.1,Report6,20.0,1.0,1.0,3.0,1.8,1.4
2024-12-13 09:48:40,497.81,Report6,20.0,1.0,1.0,3.0,1.8,1.4
2025-01-02 04:20:20,290.23,Report6,20.0,1.0,1.0,3.0,1.8,1.4
2025-03-10 18:37:40,-88.44,Report6,20.0,1.0,1.0,3.0,1.8,1.4
2025-03-21 04:20:20,103.8,Report6,20.0,1.0,1.0,3.0,1.8,1.4
2025-03-31 04:39:40,530.11,Report6,20.0,1.0,1.0,3.0,1.8,1.4
2025-04-30 05:39:40,-269.39,Report6,20.0,1.0,1.0,3.0,1.8,1.4
2025-04-30 16:33:20,-230.26,Report6,20.0,1.0,1.0,3.0,1.8,1.4
2025-05-30 19:34:20,367.69,Report6,20.0,1.0,1.0,3.0,1.8,1.4
2025-06-18 05:23:20,317.65,Report6,20.0,1.0,1.0,3.0,1.8,1.4
2025-07-30 09:04:40,361.99,Report6,20.0,1.0,1.0,3.0,1.8,1.4
2025-08-07 04:30:40,175.49,Report6,20.0,1.0,1.0,3.0,1.8,1.4
2025-08-12 04:30:40,-183.3,Report6,20.0,1.0,1.0,3.0,1.8,1.4
2025-08-27 09:55:40,396.22,Report6,20.0,1.0,1.0,3.0,1.8,1.4
2025-09-26 16:47:40,-210.42,Report6,20.0,1.0,1.0,3.0,1.8,1.4
2025-10-17 14:11:40,-135.37,Report6,20.0,1.0,1.0,3.0,1.8,1.4
2025-10-30 16:54:40,-93.86,Report6,20.0,1.0,1.0,3.0,1.8,1.4
2025-12-16 04:20:20,360.23,Report6,20.0,1.0,1.0,3.0,1.8,1.4
2025-12-30 04:20:00,-143.79,Report6,20.0,1.0,1.0,3.0,1.8,1.4
2026-01-08 04:20:00,355.09,Report6,20.0,1.0,1.0,3.0,1.8,1.4
2026-02-26 16:34:40,-33.29,Report6,20.0,1.0,1.0,3.0,1.8,1.4
2026-03-02 04:20:20,460.56,Report6,20.0,1.0,1.0,3.0,1.8,1.4
2026-03-19 04:39:40,-207.39,Report6,20.0,1.0,1.0,3.0,1.8,1.4
2021-01-18 09:00:00,1097.6,Report7,100.0,5.0,1.2,5.0,1.2,1.4
2021-03-12 17:15:40,-2077.84,Report7,100.0,5.0,1.2,5.0,1.2,1.4
2021-03-23 05:15:00,1882.35,Report7,100.0,5.0,1.2,5.0,1.2,1.4
2021-04-21 05:00:00,1339.88,Report7,100.0,5.0,1.2,5.0,1.2,1.4
2021-05-31 06:00:40,1179.81,Report7,100.0,5.0,1.2,5.0,1.2,1.4
2021-06-03 09:00:59,1047.46,Report7,100.0,5.0,1.2,5.0,1.2,1.4
2021-06-29 09:00:59,853.22,Report7,100.0,5.0,1.2,5.0,1.2,1.4
2021-07-23 17:00:20,1227.31,Report7,100.0,5.0,1.2,5.0,1.2,1.4
2021-08-12 16:00:40,1220.03,Report7,100.0,5.0,1.2,5.0,1.2,1.4
2021-09-09 05:00:40,1218.23,Report7,100.0,5.0,1.2,5.0,1.2,1.4
2021-09-28 05:44:40,-7821.08,Report7,100.0,5.0,1.2,5.0,1.2,1.4
2021-10-26 19:05:40,1092.9,Report7,100.0,5.0,1.2,5.0,1.2,1.4
2021-11-03 04:29:40,-833.41,Report7,100.0,5.0,1.2,5.0,1.2,1.4
2021-12-06 16:17:20,-918.08,Report7,100.0,5.0,1.2,5.0,1.2,1.4
2021-12-13 16:33:40,1255.65,Report7,100.0,5.0,1.2,5.0,1.2,1.4
2021-12-17 17:36:40,-580.44,Report7,100.0,5.0,1.2,5.0,1.2,1.4
2021-12-29 09:00:40,980.58,Report7,100.0,5.0,1.2,5.0,1.2,1.4
2022-01-05 04:20:20,984.68,Report7,100.0,5.0,1.2,5.0,1.2,1.4
2022-01-11 05:32:20,1391.0,Report7,100.0,5.0,1.2,5.0,1.2,1.4
2022-03-11 08:05:00,-1674.57,Report7,100.0,5.0,1.2,5.0,1.2,1.4
2022-04-01 04:20:00,1531.5,Report7,100.0,5.0,1.2,5.0,1.2,1.4
2022-04-07 17:41:20,1785.12,Report7,100.0,5.0,1.2,5.0,1.2,1.4
2022-04-19 16:37:40,1562.32,Report7,100.0,5.0,1.2,5.0,1.2,1.4
2022-05-05 16:38:40,1631.6,Report7,100.0,5.0,1.2,5.0,1.2,1.4
2022-06-01 21:15:20,-892.93,Report7,100.0,5.0,1.2,5.0,1.2,1.4
2022-06-09 19:07:40,-6499.2,Report7,100.0,5.0,1.2,5.0,1.2,1.4
2022-06-10 04:20:40,1972.55,Report7,100.0,5.0,1.2,5.0,1.2,1.4
2022-06-16 19:29:40,-327.93,Report7,100.0,5.0,1.2,5.0,1.2,1.4
2022-06-28 13:56:40,1433.5,Report7,100.0,5.0,1.2,5.0,1.2,1.4
2022-06-29 09:46:40,1500.96,Report7,100.0,5.0,1.2,5.0,1.2,1.4
2022-07-05 15:57:20,1603.83,Report7,100.0,5.0,1.2,5.0,1.2,1.4
2022-07-28 17:06:40,1285.34,Report7,100.0,5.0,1.2,5.0,1.2,1.4
2022-09-01 20:20:40,-177.5,Report7,100.0,5.0,1.2,5.0,1.2,1.4
2022-09-29 09:18:40,1448.89,Report7,100.0,5.0,1.2,5.0,1.2,1.4
2022-10-07 15:30:40,1109.46,Report7,100.0,5.0,1.2,5.0,1.2,1.4
2022-10-28 08:13:40,1437.26,Report7,100.0,5.0,1.2,5.0,1.2,1.4
2022-12-12 17:33:40,1555.72,Report7,100.0,5.0,1.2,5.0,1.2,1.4
2022-12-28 04:20:20,1407.24,Report7,100.0,5.0,1.2,5.0,1.2,1.4
2023-01-11 04:21:40,1323.06,Report7,100.0,5.0,1.2,5.0,1.2,1.4
2023-01-17 10:08:40,-994.95,Report7,100.0,5.0,1.2,5.0,1.2,1.4
2023-01-19 20:36:40,1192.41,Report7,100.0,5.0,1.2,5.0,1.2,1.4
2023-02-03 04:20:00,1522.52,Report7,100.0,5.0,1.2,5.0,1.2,1.4
2023-02-09 08:05:00,-5643.2,Report7,100.0,5.0,1.2,5.0,1.2,1.4
2023-02-13 04:23:20,1290.32,Report7,100.0,5.0,1.2,5.0,1.2,1.4
2023-02-21 11:15:40,-319.64,Report7,100.0,5.0,1.2,5.0,1.2,1.4
2023-03-07 17:00:40,1454.77,Report7,100.0,5.0,1.2,5.0,1.2,1.4
2023-03-27 06:36:40,-1260.69,Report7,100.0,5.0,1.2,5.0,1.2,1.4
2023-04-12 18:07:40,1089.29,Report7,100.0,5.0,1.2,5.0,1.2,1.4
2023-05-12 17:29:40,1144.08,Report7,100.0,5.0,1.2,5.0,1.2,1.4
2023-05-17 10:26:40,1024.32,Report7,100.0,5.0,1.2,5.0,1.2,1.4
2023-06-06 05:09:40,1028.06,Report7,100.0,5.0,1.2,5.0,1.2,1.4
2023-07-05 12:45:20,835.14,Report7,100.0,5.0,1.2,5.0,1.2,1.4
2023-08-02 04:40:20,-377.7,Report7,100.0,5.0,1.2,5.0,1.2,1.4
2023-08-11 12:44:40,1280.3,Report7,100.0,5.0,1.2,5.0,1.2,1.4
2023-09-21 15:04:20,811.72,Report7,100.0,5.0,1.2,5.0,1.2,1.4
2023-10-10 04:20:20,990.85,Report7,100.0,5.0,1.2,5.0,1.2,1.4
2023-10-18 19:22:40,904.6,Report7,100.0,5.0,1.2,5.0,1.2,1.4
2023-10-31 18:29:40,1036.84,Report7,100.0,5.0,1.2,5.0,1.2,1.4
2023-12-20 21:43:20,776.8,Report7,100.0,5.0,1.2,5.0,1.2,1.4
2023-12-28 04:20:00,-5620.79,Report7,100.0,5.0,1.2,5.0,1.2,1.4
2024-01-02 04:20:40,-3053.29,Report7,100.0,5.0,1.2,5.0,1.2,1.4
2024-01-16 04:20:00,-380.93,Report7,100.0,5.0,1.2,5.0,1.2,1.4
2024-01-29 18:23:40,1117.29,Report7,100.0,5.0,1.2,5.0,1.2,1.4
2024-02-02 16:03:40,1213.94,Report7,100.0,5.0,1.2,5.0,1.2,1.4
2024-03-27 10:20:40,933.62,Report7,100.0,5.0,1.2,5.0,1.2,1.4
2024-04-05 08:51:40,-3273.36,Report7,100.0,5.0,1.2,5.0,1.2,1.4
2024-05-02 04:45:40,-3762.93,Report7,100.0,5.0,1.2,5.0,1.2,1.4
2024-05-21 05:06:40,872.01,Report7,100.0,5.0,1.2,5.0,1.2,1.4
2024-06-27 04:34:40,801.89,Report7,100.0,5.0,1.2,5.0,1.2,1.4
2024-07-05 11:18:20,731.87,Report7,100.0,5.0,1.2,5.0,1.2,1.4
2024-07-16 04:50:40,845.87,Report7,100.0,5.0,1.2,5.0,1.2,1.4
2024-07-19 04:35:40,953.11,Report7,100.0,5.0,1.2,5.0,1.2,1.4
2024-08-06 16:32:40,-725.96,Report7,100.0,5.0,1.2,5.0,1.2,1.4
2024-08-14 19:24:20,776.22,Report7,100.0,5.0,1.2,5.0,1.2,1.4
2024-10-08 10:48:40,4796.26,Report7,100.0,5.0,1.2,5.0,1.2,1.4
2024-10-15 08:18:40,2301.62,Report7,100.0,5.0,1.2,5.0,1.2,1.4
2024-10-28 18:17:40,1174.75,Report7,100.0,5.0,1.2,5.0,1.2,1.4
2024-11-06 16:32:40,1677.21,Report7,100.0,5.0,1.2,5.0,1.2,1.4
2024-11-08 18:59:40,2146.82,Report7,100.0,5.0,1.2,5.0,1.2,1.4
2024-11-22 05:40:40,-5220.59,Report7,100.0,5.0,1.2,5.0,1.2,1.4
2024-11-27 08:19:40,1232.6,Report7,100.0,5.0,1.2,5.0,1.2,1.4
2024-12-03 14:51:40,1212.44,Report7,100.0,5.0,1.2,5.0,1.2,1.4
2024-12-13 09:05:40,1659.42,Report7,100.0,5.0,1.2,5.0,1.2,1.4
2025-01-02 04:20:20,967.38,Report7,100.0,5.0,1.2,5.0,1.2,1.4
2025-03-10 18:37:40,-442.21,Report7,100.0,5.0,1.2,5.0,1.2,1.4
2025-03-20 16:15:40,1977.51,Report7,100.0,5.0,1.2,5.0,1.2,1.4
2025-03-28 17:13:20,1766.85,Report7,100.0,5.0,1.2,5.0,1.2,1.4
2025-04-30 05:39:40,-1346.93,Report7,100.0,5.0,1.2,5.0,1.2,1.4
2025-05-02 04:21:40,1381.53,Report7,100.0,5.0,1.2,5.0,1.2,1.4
2025-05-30 19:30:40,1225.69,Report7,100.0,5.0,1.2,5.0,1.2,1.4
2025-06-18 05:08:40,1058.86,Report7,100.0,5.0,1.2,5.0,1.2,1.4
2025-07-30 09:01:40,1206.62,Report7,100.0,5.0,1.2,5.0,1.2,1.4
2025-08-07 04:30:40,1052.9,Report7,100.0,5.0,1.2,5.0,1.2,1.4
2025-08-12 04:30:40,-916.48,Report7,100.0,5.0,1.2,5.0,1.2,1.4
2025-08-27 09:28:40,1320.67,Report7,100.0,5.0,1.2,5.0,1.2,1.4
2025-09-26 16:47:40,-1052.1,Report7,100.0,5.0,1.2,5.0,1.2,1.4
2025-10-17 10:20:40,1811.41,Report7,100.0,5.0,1.2,5.0,1.2,1.4
2025-10-30 16:54:40,-469.32,Report7,100.0,5.0,1.2,5.0,1.2,1.4
2025-12-16 04:20:20,1200.76,Report7,100.0,5.0,1.2,5.0,1.2,1.4
2025-12-30 04:20:00,-718.95,Report7,100.0,5.0,1.2,5.0,1.2,1.4
2026-01-08 04:20:00,1183.58,Report7,100.0,5.0,1.2,5.0,1.2,1.4
2026-02-26 10:02:20,1591.78,Report7,100.0,5.0,1.2,5.0,1.2,1.4
2026-03-02 04:20:20,1535.15,Report7,100.0,5.0,1.2,5.0,1.2,1.4
2026-03-19 04:39:40,-1036.93,Report7,100.0,5.0,1.2,5.0,1.2,1.4
